"Species","Latitude","Longitude","species","decimalLatitude","decimalLongitude"
"Rhipsalis teres",-21.42611,-41.19222,NA,NA,NA
"Polytmus guainumbi",-21.5833333333333,-41.1833333333333,NA,NA,NA
"Furnarius figulus",-21.5833333333333,-41.18,NA,NA,NA
"Furnarius rufus",-21.5833333333333,-41.18,NA,NA,NA
"Formicivora rufa",-21.3666666666667,-41.08,NA,NA,NA
"Boa constrictor",-21.2341666666667,-41.1219444444444,NA,NA,NA
"Hylocharis cyanus",-21.3666666666667,-41.0833333333333,NA,NA,NA
"Leptodactylus latrans",-21.2863888888889,-41.1377777777778,NA,NA,NA
"Certhiaxis cinnamomeus",-21.5833333333333,-41.18,NA,NA,NA
"Platypodium elegans",-21.4075,-41.0830555555556,NA,NA,NA
"Bauhinia ovata",-21.3713888888889,-41.1152777777778,NA,NA,NA
"Hymenaea altissima",-21.3875,-41.0838888888889,NA,NA,NA
"Senegalia polyphylla",-21.3905555555556,-41.0852777777778,NA,NA,NA
"Casearia souzae",-21.418056,-41.083056,NA,NA,NA
"Machaerium incorruptibile",-21.4069444444444,-41.0830555555556,NA,NA,NA
"Acosmium lentiscifolium",-21.4166666666667,-41.0791666666667,NA,NA,NA
"Casearia souzae",-21.41806,-41.08306,NA,NA,NA
"Sicalis luteola",-21.3734,-41.09,NA,NA,NA
"Parapiptadenia pterosperma",-21.4108333333333,-41.0819444444444,NA,NA,NA
"Rhytipterna simplex",-21.3734,-41.09,NA,NA,NA
"Myiarchus tyrannulus",-21.3734,-41.09,NA,NA,NA
"Myiarchus swainsoni",-21.3734,-41.09,NA,NA,NA
"Parapiptadenia pterosperma",-21.410833,-41.081944,NA,NA,NA
"Hydropsalis maculicaudus",-21.3734,-41.09,NA,NA,NA
"Hylophilus thoracicus",-21.3734,-41.09,NA,NA,NA
"Myrocarpus frondosus",-21.3722222222222,-41.0977777777778,NA,NA,NA
"Geranoaetus albicaudatus",-21.3734,-41.09,NA,NA,NA
"Calliandra parvifolia",-21.375,-41.086111,NA,NA,NA
"Euphonia chlorotica",-21.3734,-41.09,NA,NA,NA
"Pseudopiptadenia contorta",-21.4047222222222,-41.0830555555556,NA,NA,NA
"Inga laurina",-21.371388,-41.096111,NA,NA,NA
"Zenaida auriculata",-21.3734,-41.09,NA,NA,NA
"Myiarchus tuberculifer",-21.3734,-41.09,NA,NA,NA
"Apuleia leiocarpa",-21.3961111111111,-41.0816666666667,NA,NA,NA
"Ucides cordatus",-21.57831,-41.068573,NA,NA,NA
"Inga laurina",-21.3713888888889,-41.0961111111111,NA,NA,NA
"Poecilanthe falcata",-21.3866666666667,-41.0830555555556,NA,NA,NA
"Parapiptadenia pterosperma",-21.4022222222222,-41.0816666666667,NA,NA,NA
"Senna pendula",-21.4158333333333,-41.0777777777778,NA,NA,NA
"Mimosa caesalpiniifolia",-21.329444,-41.111111,NA,NA,NA
"Senna multijuga",-21.3294444444444,-41.1011111111111,NA,NA,NA
"Mimosa caesalpiniifolia",-21.3294444444444,-41.1011111111111,NA,NA,NA
"Senna multijuga",-21.329444,-41.111111,NA,NA,NA
"Swartzia apetala",-21.3872222222222,-41.0838888888889,NA,NA,NA
"Platymiscium floribundum",-21.3952777777778,-41.0830555555556,NA,NA,NA
"Centrolobium sclerophyllum",-21.3716666666667,-41.0986111111111,NA,NA,NA
"Platypodium elegans",-21.4072222222222,-41.0830555555556,NA,NA,NA
"Dalbergia frutescens",-21.3808333333333,-41.0802777777778,NA,NA,NA
"Piptadenia paniculata",-21.4088888888889,-41.0825,NA,NA,NA
"Senegalia polyphylla",-21.390555,-41.085555,NA,NA,NA
"Chamaecrista ensiformis",-21.3730555555556,-41.0955555555556,NA,NA,NA
"Bairdiella ronchus",-21.291667,-40.991667,NA,NA,NA
"Albizia polycephala",-21.371111,-41.080833,NA,NA,NA
"Senegalia polyphylla",-21.3716666666667,-41.0805555555556,NA,NA,NA
"Piptadenia trisperma",-21.48,-41.0802777777778,NA,NA,NA
"Inga laurina",-21.4133333333333,-41.0791666666667,NA,NA,NA
"Nigrospora sphaerica",-21.61,-41.05,NA,NA,NA
"Quadrivisio lutzi",-21.658342,-41.183452,NA,NA,NA
"Ormosia nitida",-21.383333,-41.082778,NA,NA,NA
"Centropomus parallelus",-21.291667,-40.991667,NA,NA,NA
"Gymnotus carapo",-21.291667,-40.991667,NA,NA,NA
"Micropogonias furnieri",-21.291667,-40.991667,NA,NA,NA
"Piptadenia paniculata",-21.4022222222222,-41.0816666666667,NA,NA,NA
"Brycon insignis",-21.291667,-40.991667,NA,NA,NA
"Dioclea virgata",-21.4052777777778,-41.0791666666667,NA,NA,NA
"Astyanax bimaculatus",-21.291667,-40.991667,NA,NA,NA
"Astyanax taeniatus",-21.291667,-40.991667,NA,NA,NA
"Oligosarcus jenynsii",-21.291667,-40.991667,NA,NA,NA
"Harttia loricariformis",-21.291667,-40.991667,NA,NA,NA
"Geophagus brasiliensis",-21.291667,-40.991667,NA,NA,NA
"Alcantarea extensa",-21.42611,-41.19222,NA,NA,NA
"Caranx latus",-21.291667,-40.991667,NA,NA,NA
"Paralichthys brasiliensis",-21.291667,-40.991667,NA,NA,NA
"Peltogyne discolor",-21.3775,-41.0922222222222,NA,NA,NA
"Platypodium elegans",-21.4052777777778,-41.0830555555556,NA,NA,NA
"Pseudoloricaria laeviuscula",-21.291667,-40.991667,NA,NA,NA
"Piptadenia paniculata",-21.4005555555556,-41.0816666666667,NA,NA,NA
"Senegalia polyphylla",-21.3905555555556,-41.0855555555556,NA,NA,NA
"Solanum caavurana",-21.404722,-41.083056,NA,NA,NA
"Chamaecrista ensiformis",-21.3738888888889,-41.0952777777778,NA,NA,NA
"Bathygobius soporator",-21.291667,-40.991667,NA,NA,NA
"Copaifera lucens",-21.3402777777778,-41.2311111111111,NA,NA,NA
"Senegalia tenuifolia",-21.3272222222222,-41.0988888888889,NA,NA,NA
"Copaifera lucens",-21.3275,-41.0997222222222,NA,NA,NA
"Poecilanthe falcata",-21.3283333333333,-41.0997222222222,NA,NA,NA
"Moldenhawera polysperma",-21.2997222,-41.0911111,NA,NA,NA
"Libidibia ferrea",-21.5522222222222,-41.2011111111111,NA,NA,NA
"Acosmium lentiscifolium",-21.3277777777778,-41.0997222222222,NA,NA,NA
"Swartzia apetala",-21.3725,-41.0947222222222,NA,NA,NA
"Machaerium incorruptibile",-21.5444444444444,-41.2047222222222,NA,NA,NA
"Senna affinis",-21.4191666666667,-41.0733333333333,NA,NA,NA
"Piptadenia paniculata",-21.2997222222222,-41.0911111111111,NA,NA,NA
"Acosmium lentiscifolium",-21.4005555555556,-41.0811111111111,NA,NA,NA
"Metrodorea nigra",-21.402778,-41.080833,NA,NA,NA
"Acosmium lentiscifolium",-21.34,-41.2313888888889,NA,NA,NA
"Albizia polycephala",-21.3366666666667,-41.2333333333333,NA,NA,NA
"Senegalia polyphylla",-21.3636111111111,-41.0855555555556,NA,NA,NA
"Libidibia ferrea",-21.4233333333333,-41.2311111111111,NA,NA,NA
"Melanoxylon brauna",-21.3788888888889,-41.0822222222222,NA,NA,NA
"Amburana cearensis",-21.3408333333333,-41.2305555555556,NA,NA,NA
"Trigoniodendron spiritusanctense",-21.386666,-41.084166,NA,NA,NA
"Machaerium punctatum",-21.3388888888889,-41.2341666666667,NA,NA,NA
"Anadenanthera colubrina",-21.3366666666667,-41.2333333333333,NA,NA,NA
"Copaifera lucens",-21.5444444444444,-41.2047222222222,NA,NA,NA
"Parapiptadenia pterosperma",-21.3727777777778,-41.0958333333333,NA,NA,NA
"Parapiptadenia pterosperma",-21.3402777777778,-41.2311111111111,NA,NA,NA
"Machaerium punctatum",-21.4097222222222,-41.0825,NA,NA,NA
"Libidibia ferrea",-21.3802777777778,-41.2230555555556,NA,NA,NA
"Platypodium elegans",-21.5444444444444,-41.2047222222222,NA,NA,NA
"Libidibia ferrea",-21.4044444444444,-41.0827777777778,NA,NA,NA
"Machaerium punctatum",-21.393333,-41.086667,NA,NA,NA
"Poecilanthe falcata",-21.3816666666667,-41.0680555555556,NA,NA,NA
"Mimosa xanthocentra",-21.3880555555556,-41.0841666666667,NA,NA,NA
"Mimosa bimucronata",-21.414166,-41.078333,NA,NA,NA
"Mimosa bimucronata",-21.3880555555556,-41.0841666666667,NA,NA,NA
"Mimosa bimucronata",-21.4141666666667,-41.0783333333333,NA,NA,NA
"Melanoxylon brauna",-21.4280555555556,-41.1361111111111,NA,NA,NA
"Phtisica marina",-21.3827361111111,-41.0154305555556,NA,NA,NA
"Melanoxylon brauna",-21.372222,-41.081944,NA,NA,NA
"Anadenanthera peregrina",-21.3713888888889,-41.0963888888889,NA,NA,NA
"Machaerium punctatum",-21.3933333333333,-41.0866666666667,NA,NA,NA
"Machaerium lanceolatum",-21.575833,-41.098333,NA,NA,NA
"Pera glabrata",-21.5769444,-41.0994444,NA,NA,NA
"Pseudopiptadenia contorta",-21.404722,-41.082222,NA,NA,NA
"Mimosa bimucronata",-21.388055,-41.084166,NA,NA,NA
"Centrolobium sclerophyllum",-21.3816666666667,-41.0680555555556,NA,NA,NA
"Eugenia astringens",-21.4448,-41.0332,NA,NA,NA
"Machaerium incorruptibile",-21.3672222222222,-41.0819444444444,NA,NA,NA
"Monilicarpa brasiliana",-21.29612,-41.09625,NA,NA,NA
"Centrolobium sclerophyllum",-21.381667,-41.080556,NA,NA,NA
"Cyclaspis perelegans",-21.4121027777778,-41.0181058333333,NA,NA,NA
"Melanoxylon brauna",-21.3672222222222,-41.0819444444444,NA,NA,NA
"Albizia polycephala",-21.4141666666667,-41.0777777777778,NA,NA,NA
"Piptadenia gonoacantha",-21.45361,-41.085,NA,NA,NA
"Cyclaspis striata",-21.2921916666667,-41.0593472222222,NA,NA,NA
"Machaerium uncinatum",-21.3947222222222,-41.0847222222222,NA,NA,NA
"Machaerium brasiliense",-21.4055555555556,-41.0830555555556,NA,NA,NA
"Inga laurina",-21.371389,-41.096111,NA,NA,NA
"Dalbergia frutescens",-21.3716666666667,-41.0986111111111,NA,NA,NA
"Machaerium brasiliense",-21.4066666666667,-41.0830555555556,NA,NA,NA
"Albizia polycephala",-21.411944,-41.081111,NA,NA,NA
"Machaerium hirtum",-21.3975,-41.079166,NA,NA,NA
"Dendropsophus decipiens",-21.4888888888889,-41.2305555555556,NA,NA,NA
"Oxyrhopus petolarius",-21.4913888888889,-41.2319444444444,NA,NA,NA
"Dalbergia frutescens",-21.3877777777778,-41.0841666666667,NA,NA,NA
"Machaerium hirtum",-21.3975,-41.0791666666667,NA,NA,NA
"Libidibia ferrea",-21.3947222222222,-41.0847222222222,NA,NA,NA
"Platymiscium floribundum",-21.3963888888889,-41.0811111111111,NA,NA,NA
"Philodryas patagoniensis",-21.4683333333333,-41.1994444444444,NA,NA,NA
"Albizia polycephala",-21.4119444444444,-41.0811111111111,NA,NA,NA
"Helicops carinicaudus",-21.3825,-41.1825,NA,NA,NA
"Pseudopiptadenia contorta",-21.4266666666667,-41.0827777777778,NA,NA,NA
"Pseudopiptadenia contorta",-21.4016666666667,-41.0822222222222,NA,NA,NA
"Myrocarpus frondosus",-21.3716666666667,-41.0986111111111,NA,NA,NA
"Machaerium punctatum",-21.4019444444444,-41.0822222222222,NA,NA,NA
"Anadenanthera peregrina",-21.3713888888889,-41.0961111111111,NA,NA,NA
"Machaerium punctatum",-21.4111111111111,-41.0816666666667,NA,NA,NA
"Pseudopiptadenia contorta",-21.4275,-41.0797222222222,NA,NA,NA
"Scinax alter",-21.32,-41.1502777777778,NA,NA,NA
"Leptodactylus latrans",-21.4538888888889,-41.2175,NA,NA,NA
"Platymiscium floribundum",-21.3797222222222,-41.0811111111111,NA,NA,NA
NA,NA,NA,"Cylichna discus",-21.383077,-40.254641
NA,NA,NA,"Diplocirrus rugosus",-21.3829,-40.2544
NA,NA,NA,"Speziorchestia tucurauna",-21.412113,-41.003921
NA,NA,NA,"Trivia candidula",-21.381991,-40.258744
NA,NA,NA,"Ampelisca brevisimulata",-21.5647222222222,-41.0181058333333
NA,NA,NA,"Bacteridium resticulum",-21.392694,-40.262038
NA,NA,NA,"Paradialychone americana",-21.3827383,-40.2543467
NA,NA,NA,"Ampelisca brevisimulata",-21.3843544444444,-40.7149722222222
NA,NA,NA,"Oncaea media",-21.404,-40.23433
NA,NA,NA,"Pollichthys mauli",-21.3963,-40.34697
NA,NA,NA,"Beania americana",-21.5580441666667,-41.0062963888889
NA,NA,NA,"Cosmotriphora arnoldoi",-21.392694,-40.262038
NA,NA,NA,"Cyclaspis oxyura",-21.5650638888889,-40.3128694444444
NA,NA,NA,"Ctenogobius boleosoma",-21.407671,-40.980774
NA,NA,NA,"Calliostoma hassler",-21.381833,-40.330133
NA,NA,NA,"Triphora elvirae",-21.381755,-40.330711
NA,NA,NA,"Pyrunculus caelatus",-21.383077,-40.254641
NA,NA,NA,"Penaeus brasiliensis",-21.6,-40.7667
NA,NA,NA,"Puelche orensanzi",-21.5729169444444,-40.6166036111111
NA,NA,NA,"Microphoxus breviramus",-21.5909797222222,-40.6166036111111
NA,NA,NA,"Tiburonella viscana",-21.5701638888889,-40.5291777777778
NA,NA,NA,"Ophionereis squamulosa",-21.517,-40.3
NA,NA,NA,"Tiburonella viscana",-21.4661416666667,-40.8138583333333
NA,NA,NA,"Pyrunculus caelatus",-21.381991,-40.258744
NA,NA,NA,"Paranaitis cordiformata",-21.3939,-40.2603
NA,NA,NA,"Centrobranchus nigroocellatus",-21.3875,-40.7444444444
NA,NA,NA,"Cuvierina columnella",-21.383077,-40.254641
NA,NA,NA,"Seila adamsii",-21.517,-40.3
NA,NA,NA,"Myrophis punctatus",-21.616188,-41.016581
NA,NA,NA,"Rhizophora mangle",-21.3102,-40.9612
NA,NA,NA,"Thyrsitops lepidopoides",-21.4333,-40.3
NA,NA,NA,"Chevalia mexicana",-21.586615,-40.5562222222222
NA,NA,NA,"Tiburonella viscana",-21.5633805555556,-40.5238388888889
NA,NA,NA,"Plesionika miles",-21.4236833333333,-40.2218333333333
NA,NA,NA,"Clausocalanus brevipes",-21.404,-40.23433
NA,NA,NA,"Metaxia rugulosa",-21.425375,-40.528442
NA,NA,NA,"Tiburonella viscana",-21.5702083333333,-40.4253444444444
NA,NA,NA,"Cerithiopsis flava",-21.392694,-40.262038
NA,NA,NA,"Melampus coffea",-21.314401,-40.956927
NA,NA,NA,"Temora stylifera",-21.38583,-40.74
NA,NA,NA,"Micropogonias furnieri",-21.45,-40.8333
NA,NA,NA,"Phrontis alba",-21.381991,-40.258744
NA,NA,NA,"Rypticus randalli",-21.407671,-40.980774
NA,NA,NA,"Aspistor luniscutis",-21.616188,-41.016581
NA,NA,NA,"Ampelisca brevisimulata",-21.5777205555556,-40.5880805555556
NA,NA,NA,"Stenocionops spinosissimus",-21.4236833333333,-40.2218333333333
NA,NA,NA,"Cadulus eliezeri",-21.383077,-40.254641
NA,NA,NA,"Ampelisca brevisimulata",-21.6090413888889,-40.6359191666667
NA,NA,NA,"Belzebub faxoni",-21.3963,-40.3469666667
NA,NA,NA,"Lestidium atlanticum",-21.3963,-40.34697
NA,NA,NA,"Ericthonius punctatus",-21.5777205555556,-40.5880805555556
NA,NA,NA,"Ampelisca pseudobicarinata",-21.5646027777778,-40.5276472222222
NA,NA,NA,"Oikopleura (Coecaria) fusiformis",-21.3875,-40.7444444444
NA,NA,NA,"Tricleocarpa fragilis",-21.517,-40.3
NA,NA,NA,"Eucinostomus argenteus",-21.39528,-40.99389
NA,NA,NA,"Gadila simpsoni",-21.383077,-40.254641
NA,NA,NA,"Caulerpa murrayi",-21.329,-40.333
NA,NA,NA,"Seguenzia formosa",-21.383077,-40.254641
NA,NA,NA,"Glycera americana",-21.5,-40.3
NA,NA,NA,"Cosmotriphora melanura",-21.381755,-40.330711
NA,NA,NA,"Paralonchurus brasiliensis",-21.5667,-41
NA,NA,NA,"Penaeus brasiliensis",-21.6,-40.6
NA,NA,NA,"Metaxia rugulosa",-21.381833,-40.330133
NA,NA,NA,"Gibberosus myersi",-21.46615,-40.9407361111111
NA,NA,NA,"Tiburonella viscana",-21.563525,-40.8138111111111
NA,NA,NA,"Pleuromamma gracilis",-21.404,-40.23433
NA,NA,NA,"Cyclaspis striata",-21.4673727777778,-40.2570361111111
NA,NA,NA,"Leodice marcusi",-21.345,-40.595
NA,NA,NA,"Avicennia germinans",-21.3091,-40.9594
NA,NA,NA,"Modulus modulus",-21.425375,-40.528442
NA,NA,NA,"Ampelisca brevisimulata",-21.5701638888889,-40.5241888888889
NA,NA,NA,"Intermedichelia gracilis",-21.5884416666667,-40.8258333333333
NA,NA,NA,"Anatoma copiosa",-21.381991,-40.258744
NA,NA,NA,"Triphora elvirae",-21.381833,-40.330133
NA,NA,NA,"Turbonilla portoricana",-21.381833,-40.330133
NA,NA,NA,"Gabrielona sulcifera",-21.381991,-40.258744
NA,NA,NA,"Emarginula tuberculosa",-21.383077,-40.254641
NA,NA,NA,"Isopisthus parvipinnis",-21.616188,-41.016581
NA,NA,NA,"Sphoeroides marmoratus",-21.616188,-41.016581
NA,NA,NA,"Syacium papillosum",-21.3963,-40.34697
NA,NA,NA,"Panulirus laevicauda",-21.45,-40.8333
NA,NA,NA,"Caulerpa lanuginosa",-21.334,-40.85
NA,NA,NA,"Acteocina lepta",-21.381833,-40.330133
NA,NA,NA,"Paracalanus quasimodo",-21.3875,-40.7444444444
NA,NA,NA,"Microphoxus uroserratus",-21.6090413888889,-40.6359191666667
NA,NA,NA,"Graptacme perlonga",-21.381991,-40.258744
NA,NA,NA,"Muriceopsis metaclados",-21.51666667,-40.3
NA,NA,NA,"Puelche orensanzi",-21.6081394444444,-40.6166036111111
NA,NA,NA,"Metaxia excelsa",-21.381833,-40.330133
NA,NA,NA,"Oenone fulgida",-21.5,-40.3
NA,NA,NA,"Ophioderma appressum",-21.5,-40.3
NA,NA,NA,"Trichiurus lepturus",-21.616188,-41.016581
NA,NA,NA,"Codium decorticatum",-21.5,-40.3
NA,NA,NA,"Retilaskeya emersonii",-21.5,-40.3
NA,NA,NA,"Strobiligera inaudita",-21.425375,-40.528442
NA,NA,NA,"Paracalanus nanus",-21.404,-40.23433
NA,NA,NA,"Gadila dominguensis",-21.381833,-40.330133
NA,NA,NA,"Euterpina acutifrons",-21.3875,-40.7444444444
NA,NA,NA,"Natatolana gracilis",-21.6090413888889,-40.6359191666667
NA,NA,NA,"Stylatula brasiliensis",-21.37111111,-40.53305556
NA,NA,NA,"Hastula cinerea",-21.352848,-40.962316
NA,NA,NA,"Krohnitta pacifica",-21.3875,-40.7444444444
NA,NA,NA,"Symphurus plagiusa",-21.616188,-41.016581
NA,NA,NA,"Paradialychone americana",-21.3887064,-40.4235867
NA,NA,NA,"Ampelisca brevisimulata",-21.6045269444444,-40.6166036111111
NA,NA,NA,"Micropogonias furnieri",-21.45,-40.6667
NA,NA,NA,"Chione cancellata",-21.517,-40.3
NA,NA,NA,"Tiburonella viscana",-21.6090413888889,-40.6359191666667
NA,NA,NA,"Haliotis pourtalesii",-21.381833,-40.330133
NA,NA,NA,"Ampelisca brevisimulata",-21.4121472222222,-40.7276
NA,NA,NA,"Rocinela signata",-21.6090425,-40.6214325
NA,NA,NA,"Phtisica marina",-21.4121472222222,-40.3377027777778
NA,NA,NA,"Peyssonnelia boergesenii",-21.5,-40.3
NA,NA,NA,"Oithona similis",-21.404,-40.23433
NA,NA,NA,"Centropomus undecimalis",-21.616188,-41.016581
NA,NA,NA,"Coronaurothoe rotunda",-21.52,-40.960425
NA,NA,NA,"Argopecten noronhensis",-21.5,-40.3
NA,NA,NA,"Agetus limbatus",-21.404,-40.23433
NA,NA,NA,"Paradialychone americana",-21.5689342,-40.4274681
NA,NA,NA,"Ampelisca brevisimulata",-21.6090380555556,-40.5779722222222
NA,NA,NA,"Macrodon ancylodon",-21.5667,-41
NA,NA,NA,"Selene vomer",-21.616188,-41.016581
NA,NA,NA,"Ampelisca brevisimulata",-21.6090425,-40.6214325
NA,NA,NA,"Caranx latus",-21.61917,-41.01305
NA,NA,NA,"Eulimastoma exiguum",-21.39269444,-40.26203889
NA,NA,NA,"Eugerres brasilianus",-21.616188,-41.016581
NA,NA,NA,"Codium taylorii",-21.5,-40.3
NA,NA,NA,"Microphoxus breviramus",-21.6099397222222,-40.6166036111111
NA,NA,NA,"Probopyrus palaemoni",-21.6179,-41.0169
NA,NA,NA,"Nisiturris fluminensis",-21.381833,-40.330133
NA,NA,NA,"Neoterebra leptapsis",-21.381991,-40.258744
NA,NA,NA,"Batea intermedia",-21.3818861111111,-40.923375
NA,NA,NA,"Ketosia riosi",-21.60888889,-40.655
NA,NA,NA,"Phoxocephalopsis zimmeri",-21.5909797222222,-40.6166036111111
NA,NA,NA,"Pellona harroweri",-21.616188,-41.016581
NA,NA,NA,"Clibanarius antillensis",-21.311729,-40.958184
NA,NA,NA,"Microphoxus uroserratus",-21.6090380555556,-40.655235
NA,NA,NA,"Cylichna discus",-21.383102,-40.254305
NA,NA,NA,"Oithona setigera",-21.404,-40.23433
NA,NA,NA,"Paracalanus quasimodo",-21.38583,-40.74
NA,NA,NA,"Gobionellus oceanicus",-21.616188,-41.016581
NA,NA,NA,"Puelche orensanzi",-21.6090425,-40.6214325
NA,NA,NA,"Sotalia fluviatilis",-21.616667,-41
NA,NA,NA,"Parviturbo weberi",-21.381833,-40.330133
NA,NA,NA,"Aiolochroia crassa",-21.5,-40.29999924
NA,NA,NA,"Achirus lineatus",-21.616188,-41.016581
NA,NA,NA,"Laguncularia racemosa",-21.3091,-40.9594
NA,NA,NA,"Cadulus nerta",-21.383077,-40.254641
NA,NA,NA,"Paraleiopus macrochelis",-21.6090380555556,-40.5779722222222
NA,NA,NA,"Turbonilla fasciata",-21.392694,-40.262038
NA,NA,NA,"Cyclaspis striata",-21.3558722222222,-40.7076722222222
NA,NA,NA,"Aesopus stearnsii",-21.588333,-40.522777
NA,NA,NA,"Mugil curema",-21.616188,-41.016581
NA,NA,NA,"Polyschides tetraschistus",-21.608888,-40.655
NA,NA,NA,"Pagrus pagrus",-21.4667,-40.3333
NA,NA,NA,"Thelepus megalabiatum",-21.465555555556,-40.941388888889
NA,NA,NA,"Nototriphora decorata",-21.381755,-40.330711
NA,NA,NA,"Mustelus schmitti",-21.5167,-40.5667
NA,NA,NA,"Pyrunculus caelatus",-21.392694,-40.262038
NA,NA,NA,"Paracalanus aculeatus",-21.3875,-40.7444444444
NA,NA,NA,"Casmaria atlantica",-21.5,-40.3
NA,NA,NA,"Ampelisca moreirai",-21.3844138888889,-40.923375
NA,NA,NA,"Sotalia fluviatilis",-21.616667,-40.950001
NA,NA,NA,"Euterpina acutifrons",-21.38583,-40.74
NA,NA,NA,"Tiburonella viscana",-21.563525,-40.5276472222222
NA,NA,NA,"Ophiothrix (Ophiothrix) angulata",-21.517,-40.3
NA,NA,NA,"Graptacme calamus",-21.608888,-40.655
NA,NA,NA,"Acteon pelecais",-21.381991,-40.258744
NA,NA,NA,"Centropages furcatus",-21.38583,-40.74
NA,NA,NA,"Creseis acicula",-21.517,-40.3
NA,NA,NA,"Aglaophenia laxa",-21.6021,-40.8486
NA,NA,NA,"Pyrunculus caelatus",-21.383102,-40.254305
NA,NA,NA,"Cabirops lobiformis",-21.6179,-41.0169
NA,NA,NA,"Fustiaria liodon",-21.383195,-40.713048
NA,NA,NA,"Cerithiopsis flava",-21.381755,-40.330711
NA,NA,NA,"Suavotrochus lubricus",-21.383102,-40.254305
NA,NA,NA,"Paradentalium infractum",-21.383077,-40.254641
NA,NA,NA,"Mustelus schmitti",-21.5333,-40.7167
NA,NA,NA,"Maurolicus stehmanni",-21.3963,-40.34697
NA,NA,NA,"Astralium latispina",-21.349231,-40.962295
NA,NA,NA,"Natatolana gracilis",-21.5909797222222,-40.6166036111111
NA,NA,NA,"Ampelisca youngi",-21.3831,-40.3284277777778
NA,NA,NA,"Rhizoprionodon lalandii",-21.616188,-41.016581
NA,NA,NA,"Ampelisca brevisimulata",-21.3844027777778,-40.5317833333333
NA,NA,NA,"Nebris microps",-21.616188,-41.016581
NA,NA,NA,"Puelche orensanzi",-21.6045269444444,-40.6166036111111
NA,NA,NA,"Argopecten noronhensis",-21.517,-40.3
NA,NA,NA,"Ophioderma januarii",-21.517,-40.3
NA,NA,NA,"Centropomus parallelus",-21.616188,-41.016581
NA,NA,NA,"Plumularia setacea",-21.6021,-40.8486
NA,NA,NA,"Puelche orensanzi",-21.6090380555556,-40.655235
NA,NA,NA,"Gabrielona sulcifera",-21.381833,-40.330133
NA,NA,NA,"Natatolana gracilis",-21.5729169444444,-40.6166036111111
NA,NA,NA,"Munida forceps",-21.4236833333333,-40.2218333333333
NA,NA,NA,"Atys sandersoni",-21.381991,-40.258744
NA,NA,NA,"Persephona lichtensteinii",-21.311729,-40.958184
NA,NA,NA,"Xiphopenaeus kroyeri",-21.618577,-41.013605
NA,NA,NA,"Onychocorycaeus giesbrechti",-21.3875,-40.7444444444
NA,NA,NA,"Microphoxus uroserratus",-21.586615,-40.5562222222222
NA,NA,NA,"Clausocalanus furcatus",-21.404,-40.23433
NA,NA,NA,"Modulus modulus",-21.381833,-40.330133
NA,NA,NA,"Paracalanus parvus",-21.3875,-40.7444444444
NA,NA,NA,"Paradialychone americana",-21.5691753,-40.4271986
NA,NA,NA,"Gabrielona sulcifera",-21.381755,-40.330711
NA,NA,NA,"Macrochiridothea robusta",-21.6090380555556,-40.5779722222222
NA,NA,NA,"Centropomus parallelus",-21.60016,-41.032775
NA,NA,NA,"Cosmotriphora melanura",-21.517,-40.3
NA,NA,NA,"Callinectes affinis",-21.6166666667,-41.0166666667
NA,NA,NA,"Vinciguerria nimbaria",-21.404,-40.23433
NA,NA,NA,"Syllis variegata",-21.5,-40.3
NA,NA,NA,"Bathygobius soporator",-21.616188,-41.016581
NA,NA,NA,"Suavotrochus lubricus",-21.383077,-40.254641
NA,NA,NA,"Anomalocardia flexuosa",-21.314401,-40.956927
NA,NA,NA,"Paracaprella pusilla",-21.3559944444444,-40.7230055555556
NA,NA,NA,"Tiburonella viscana",-21.5909797222222,-40.6166036111111
NA,NA,NA,"Symphurus tessellatus",-21.38583,-40.74
NA,NA,NA,"Chrysallida nioba",-21.381755,-40.330711
NA,NA,NA,"Ampelisca brevisimulata",-21.6090425,-40.6175694444444
NA,NA,NA,"Peprilus paru",-21.616188,-41.016581
NA,NA,NA,"Ctenogobius boleosoma",-21.616188,-41.016581
NA,NA,NA,"Notarius grandicassis",-21.616188,-41.016581
NA,NA,NA,"Emarginula tuberculosa",-21.381991,-40.258744
NA,NA,NA,"Dolioletta gegenbauri",-21.38583,-40.74
NA,NA,NA,"Leptogorgia violacea",-21.58833333,-40.52277778
NA,NA,NA,"Cosmotriphora arnoldoi",-21.381833,-40.330133
NA,NA,NA,"Dynamena quadridentata",-21.6021,-40.8486
NA,NA,NA,"Poecilia vivipara",-21.616188,-41.016581
NA,NA,NA,"Ampelisca brevisimulata",-21.6090380555556,-40.655235
NA,NA,NA,"Laguncularia racemosa",-21.3102,-40.9612
NA,NA,NA,"Tiburonella viscana",-21.4121472222222,-40.5255388888889
NA,NA,NA,"Nodipecten nodosus",-21.45,-40.833333
NA,NA,NA,"Nototriphora decorata",-21.392694,-40.262038
NA,NA,NA,"Pilumnoides hassleri",-21.5,-40.3
NA,NA,NA,"Polyschides tetraschistus",-21.471359,-40.811207
NA,NA,NA,"Tiburonella viscana",-21.3844144444444,-40.8072527777778
NA,NA,NA,"Ampelisca moreirai",-21.5590666666667,-40.7276361111111
NA,NA,NA,"Avicennia germinans",-21.3102,-40.9612
NA,NA,NA,"Eunice fucata",-21.345,-40.595
NA,NA,NA,"Muriceopsis sulphurea",-21.5,-41.05
NA,NA,NA,"Cyclaspis dolera",-21.3849688888889,-40.5237055555556
NA,NA,NA,"Graptacme semistriolata",-21.563382,-40.716662
NA,NA,NA,"Citharichthys macrops",-21.3963,-40.34697
NA,NA,NA,"Ampelisca brevisimulata",-21.586615,-40.5562222222222
NA,NA,NA,"Stellifer brasiliensis",-21.616188,-41.016581
NA,NA,NA,"Sertularia marginata",-21.6021,-40.8486
NA,NA,NA,"Ampelisca brevisimulata",-21.5646027777778,-40.4328361111111
NA,NA,NA,"Phyllodoce madeirensis",-21.5,-40.3
NA,NA,NA,"Paradialychone americana",-21.5636111,-40.7170881
NA,NA,NA,"Tiburonella viscana",-21.565125,-40.4292333333333
NA,NA,NA,"Aiolochroia crassa",-21.5,-40.3
NA,NA,NA,"Corbula operculata",-21.517,-40.3
NA,NA,NA,"Onychocorycaeus giesbrechti",-21.38583,-40.74
NA,NA,NA,"Udotea dixonii",-21.334,-40.85
NA,NA,NA,"Astrangia rathbuni",-21.57291667,-40.61660278
NA,NA,NA,"Tiburonella viscana",-21.6090380555556,-40.655235
NA,NA,NA,"Parviturbo weberi",-21.425375,-40.528442
NA,NA,NA,"Paralonchurus brasiliensis",-21.45,-40.8333
NA,NA,NA,"Iniforis pseudothomae",-21.381755,-40.330711
NA,NA,NA,"Paradialychone americana",-21.4717414,-40.8114806
NA,NA,NA,"Macrodon ancylodon",-21.616188,-41.016581
NA,NA,NA,"Amphissa cancellata",-21.383077,-40.254641
NA,NA,NA,"Aliger gallus",-21.5,-40.3
NA,NA,NA,"Exhippolysmata oplophoroides",-21.311729,-40.958184
NA,NA,NA,"Chevalia mexicana",-21.5884416666667,-40.5230305555556
NA,NA,NA,"Citharichthys spilopterus",-21.616188,-41.016581
NA,NA,NA,"Ampelisca brevisimulata",-21.5647444444444,-40.923375
NA,NA,NA,"Phrontis alba",-21.517,-40.3
NA,NA,NA,"Myctophum nitidulum",-21.3963,-40.34697
NA,NA,NA,"Cynoscion virescens",-21.616188,-41.016581
NA,NA,NA,"Ophiomyxa flaccida",-21.517,-40.3
NA,NA,NA,"Modulus modulus",-21.381755,-40.330711
NA,NA,NA,"Ampelisca brevisimulata",-21.5702083333333,-40.9233722222222
NA,NA,NA,"Plexaurella grandiflora",-21.5,-41.05
NA,NA,NA,"Ampelisca pseudobicarinata",-21.3844027777778,-40.5317833333333
NA,NA,NA,"Arene microforis",-21.383077,-40.254641
NA,NA,NA,"Tonna galea",-21.45,-40.833333
NA,NA,NA,"Dictyopteris justii",-21.334,-40.85
NA,NA,NA,"Phtisica marina",-21.3818333333333,-40.6236416666667
NA,NA,NA,"Cerithiopsis flava",-21.381833,-40.330133
NA,NA,NA,"Ctenogobius smaragdus",-21.616188,-41.016581
NA,NA,NA,"Metaxia excelsa",-21.425375,-40.528442
NA,NA,NA,"Callinectes danae",-21.6166666667,-41.0166666667
NA,NA,NA,"Phtisica marina",-21.3817861111111,-40.6349766666667
NA,NA,NA,"Hemiliostraca auricincta",-21.381833,-40.330133
NA,NA,NA,"Tiburonella viscana",-21.6099397222222,-40.6166036111111
NA,NA,NA,"Domecia acanthophora",-21.6090425,-40.6214325
NA,NA,NA,"Eucidaris tribuloides",-21.5,-40.3
NA,NA,NA,"Puelche orensanzi",-21.5777205555556,-40.5880805555556
NA,NA,NA,"Calliostoma hassler",-21.381755,-40.330711
NA,NA,NA,"Granulina ovuliformis",-21.425375,-40.528442
NA,NA,NA,"Triphora atlantica",-21.425375,-40.528442
NA,NA,NA,"Bregmaceros atlanticus",-21.404,-40.23433
NA,NA,NA,"Graptacme calamus",-21.471359,-40.811207
NA,NA,NA,"Turbonilla capixaba",-21.383077,-40.254641
NA,NA,NA,"Codium spongiosum",-21.334,-40.85
NA,NA,NA,"Plumularia lagenifera",-21.6021,-40.8486
NA,NA,NA,"Phrontis alba",-21.381833,-40.330133
NA,NA,NA,"Triphora atlantica",-21.381755,-40.330711
NA,NA,NA,"Bagre bagre",-21.616188,-41.016581
NA,NA,NA,"Similiphora intermedia",-21.425375,-40.528442
NA,NA,NA,"Eucinostomus harengulus",-21.616188,-41.016581
NA,NA,NA,"Alvania auberiana",-21.381833,-40.330133
NA,NA,NA,"Anchovia clupeoides",-21.616188,-41.016581
NA,NA,NA,"Gobioides broussonnetii",-21.616188,-41.016581
NA,NA,NA,"Ampelisca brevisimulata",-21.565125,-40.4327638888889
NA,NA,NA,"Microphoxus uroserratus",-21.6081394444444,-40.6166036111111
NA,NA,NA,"Nassarina thetys",-21.424358,-40.594114
NA,NA,NA,"Stypopodium zonale",-21.334,-40.85
NA,NA,NA,"Doliolum nationalis",-21.404,-40.23433
NA,NA,NA,"Gymnura micrura",-21.616188,-41.016581
NA,NA,NA,"Plocamium brasiliense",-21.5,-40.3
NA,NA,NA,"Littoraria angulifera",-21.314401,-40.956927
NA,NA,NA,"Tiburonella viscana",-21.6090425,-40.6214325
NA,NA,NA,"Cyclaspis striata",-21.4672419444444,-40.8692452777778
NA,NA,NA,"Stenella frontalis",-21.616667,-40.916668
NA,NA,NA,"Metaxia rugulosa",-21.381991,-40.258744
NA,NA,NA,"Ampelisca brevisimulata",-21.3844144444444,-40.7154666666667
NA,NA,NA,"Renilla muelleri",-21.35,-40.6
NA,NA,NA,"Amphissa acuminata",-21.381991,-40.258744
NA,NA,NA,"Ampelisca brevisimulata",-21.5646027777778,-40.7233055555556
NA,NA,NA,"Metatiron bonaerensis",-21.6090425,-40.6214325
NA,NA,NA,"Callpita eucymata",-21.517,-40.3
NA,NA,NA,"Rhizophora mangle",-21.3074,-40.9604
NA,NA,NA,"Penaeus brasiliensis",-21.4667,-40.9667
NA,NA,NA,"Fustiaria liodon",-21.563382,-40.716662
NA,NA,NA,"Prunum bahiense",-21.517,-40.3
NA,NA,NA,"Macrosetella gracilis",-21.404,-40.23433
NA,NA,NA,"Pseudobatos percellens",-21.4667,-40.9667
NA,NA,NA,"Ampelisca brevisimulata",-21.565125,-40.923375
NA,NA,NA,"Astrangia rathbuni",-21.60904167,-40.62143056
NA,NA,NA,"Evorthodus lyricus",-21.616188,-41.016581
NA,NA,NA,"Puncturella granulata",-21.383077,-40.254641
NA,NA,NA,"Sertularia perpusilla",-21.6021,-40.8486
NA,NA,NA,"Micropogonias furnieri",-21.6,-40.6
NA,NA,NA,"Conodon nobilis",-21.616188,-41.016581
NA,NA,NA,"Phosinella cancellata",-21.381833,-40.330133
NA,NA,NA,"Ampelisca moreirai",-21.3843544444444,-40.3377027777778
NA,NA,NA,"Paracalanus quasimodo",-21.404,-40.23433
NA,NA,NA,"Genidens genidens",-21.616188,-41.016581
NA,NA,NA,"Weinkauffia macandrewii",-21.517,-40.3
NA,NA,NA,"Ophiomyxa flaccida",-21.5,-40.3
NA,NA,NA,"Paraleiopus macrochelis",-21.6090425,-40.6175694444444
NA,NA,NA,"Cosmotriphora arnoldoi",-21.425375,-40.528442
NA,NA,NA,"Iliacantha sparsa",-21.5,-40.3
NA,NA,NA,"Turbonilla pupoides",-21.381833,-40.330133
NA,NA,NA,"Clytia gracilis",-21.6021,-40.8486
NA,NA,NA,"Pennaria disticha",-21.6021,-40.8486
NA,NA,NA,"Ampelisca flabellicaudata",-21.3839147222222,-40.3281972222222
NA,NA,NA,"Anadyomene stellata",-21.5,-40.3
NA,NA,NA,"Boridia grossidens",-21.45,-40.8333
NA,NA,NA,"Cadulus parvus",-21.381991,-40.258744
NA,NA,NA,"Fustiaria liodon",-21.608888,-40.655
NA,NA,NA,"Parviturbo weberi",-21.381755,-40.330711
NA,NA,NA,"Puelche orensanzi",-21.6090413888889,-40.6359191666667
NA,NA,NA,"Triphora atlantica",-21.392694,-40.262038
NA,NA,NA,"Flaccisagitta enflata",-21.3875,-40.7444444444
NA,NA,NA,"Polyschides tetraschistus",-21.577719,-40.58808
NA,NA,NA,"Brevoortia tyrannus",-21.616188,-41.016581
NA,NA,NA,"Streptodonta fauchaldi",-21.564583333333,-40.715
NA,NA,NA,"Pachygrapsus transversus",-21.311729,-40.958184
NA,NA,NA,"Paradialychone americana",-21.5638889,-40.7063439
NA,NA,NA,"Oikopleura (Coecaria) longicauda",-21.3875,-40.7444444444
NA,NA,NA,"Ampelisca pseudobicarinata",-21.4121166666667,-40.2525480555556
NA,NA,NA,"Ampelisca moreirai",-21.5591555555556,-40.4327583333333
NA,NA,NA,"Beania americana",-21.46615,-40.9406916666667
NA,NA,NA,"Microphoxus uroserratus",-21.5909797222222,-40.6166036111111
NA,NA,NA,"Ampelisca brevisimulata",-21.6081394444444,-40.6166036111111
NA,NA,NA,"Hepatus pudibundus",-21.311729,-40.958184
NA,NA,NA,"Anchoa spinifer",-21.616188,-41.016581
NA,NA,NA,"Cyclaspis striata",-21.4121027777778,-40.960425
NA,NA,NA,"Cyclaspis oxyura",-21.5651694444444,-40.3448111111111
NA,NA,NA,"Spathochlamys benedicti",-21.517,-40.3
NA,NA,NA,"Conodon nobilis",-21.45,-40.8333
NA,NA,NA,"Microlaimus vitorius",-21.311111111111,-40.796111111111
NA,NA,NA,"Similiphora intermedia",-21.381991,-40.258744
NA,NA,NA,"Microlaimus alexandri",-21.310833333333,-40.796944444444
NA,NA,NA,"Ampelisca brevisimulata",-21.5909797222222,-40.6166036111111
NA,NA,NA,"Tiburonella viscana",-21.4121027777778,-40.5180861111111
NA,NA,NA,"Metharpinia taylorae",-21.564444444444,-40.715
NA,NA,NA,"Bullata largillieri",-21.5,-40.3
NA,NA,NA,"Caranx latus",-21.616188,-41.016581
NA,NA,NA,"Paradialychone americana",-21.470915,-40.8122639
NA,NA,NA,"Trachinotus goodei",-21.616188,-41.016581
NA,NA,NA,"Puelche orensanzi",-21.5909797222222,-40.6166036111111
NA,NA,NA,"Trinectes paulistanus",-21.616188,-41.016581
NA,NA,NA,"Phyllodoce bipapillosa",-21.393888888889,-40.260277777778
NA,NA,NA,"Calliostoma caribbechinatum",-21.517,-40.3
NA,NA,NA,"Similiphora intermedia",-21.381833,-40.330133
NA,NA,NA,"Astrangia rathbuni",-21.58833333,-40.52277778
NA,NA,NA,"Oikopleura (Coecaria) intermedia",-21.3875,-40.7444444444
NA,NA,NA,"Microphoxus breviramus",-21.6090413888889,-40.6359191666667
NA,NA,NA,"Gobionellus stomatus",-21.616188,-41.016581
NA,NA,NA,"Hygophum taaningi",-21.3875,-40.7444444444
NA,NA,NA,"Cyclaspis striata",-21.5704583333333,-40.8692291666667
NA,NA,NA,"Coriophora novem",-21.425375,-40.528442
NA,NA,NA,"Epitonium novangliae",-21.381755,-40.330711
NA,NA,NA,"Cylichna discus",-21.392694,-40.262038
NA,NA,NA,"Dulichiella appendiculata",-21.6090425,-40.6214325
NA,NA,NA,"Ampelisca pseudobicarinata",-21.4121472222222,-40.5241888888889
NA,NA,NA,"Cardites micellus",-21.517,-40.3
NA,NA,NA,"Microphoxus breviramus",-21.6090425,-40.6156377777778
NA,NA,NA,"Chevalia convexa",-21.5,-40.3
NA,NA,NA,"Beania americana",-21.4109,-40.42354
NA,NA,NA,"Ebalia stimpsoni",-21.6090413888889,-40.6359191666667
NA,NA,NA,"Ampelisca brevisimulata",-21.5729169444444,-40.6166036111111
NA,NA,NA,"Anatoma alternatisculpta",-21.381833,-40.330133
NA,NA,NA,"Turbonilla virgulinoi",-21.381833,-40.330133
NA,NA,NA,"Microphoxus uroserratus",-21.6090425,-40.6214325
NA,NA,NA,"Lubbockia squillimana",-21.404,-40.23433
NA,NA,NA,"Cerithiopsis flava",-21.383102,-40.254305
NA,NA,NA,"Paradialychone americana",-21.5638428,-40.7170881
NA,NA,NA,"Eunice donathi",-21.3502222,-40.5833611
NA,NA,NA,"Ctenocalanus citer",-21.404,-40.23433
NA,NA,NA,"Ancinus brasiliensis",-21.6081394444444,-40.6166036111111
NA,NA,NA,"Lutjanus jocu",-21.407671,-40.980774
NA,NA,NA,"Calanopia americana",-21.3875,-40.7444444444
NA,NA,NA,"Microphis lineatus",-21.616188,-41.016581
NA,NA,NA,"Parathelepus praecox",-21.466111111111,-40.940555555556
NA,NA,NA,"Dinophysis caudata",-21.6013,-40.8582
NA,NA,NA,"Microphoxus uroserratus",-21.6045269444444,-40.6166036111111
NA,NA,NA,"Oithona plumifera",-21.404,-40.23433
NA,NA,NA,"Episiphon sowerbyi",-21.383077,-40.254641
NA,NA,NA,"Cavilinga blanda",-21.517,-40.3
NA,NA,NA,"Doliolum nationalis",-21.3875,-40.7444444444
NA,NA,NA,"Cerithiopsis fusiformis",-21.381833,-40.330133
NA,NA,NA,"Oncaea venusta",-21.404,-40.23433
NA,NA,NA,"Lepidonotus tenuisetosus",-21.5,-40.3
NA,NA,NA,"Micropogonias furnieri",-21.4667,-40.9667
NA,NA,NA,"Arene bairdii",-21.381991,-40.258744
NA,NA,NA,"Temora stylifera",-21.3875,-40.7444444444
NA,NA,NA,"Ebalia stimpsoni",-21.6045269444444,-40.6166036111111
NA,NA,NA,"Munida spinifrons",-21.5,-40.3
NA,NA,NA,"Ferosagitta hispida",-21.3875,-40.7444444444
NA,NA,NA,"Gadila dominguensis",-21.5,-40.3
NA,NA,NA,"Boridia grossidens",-21.5333,-40.6833
NA,NA,NA,"Pseudofabriciola sofla",-21.3243625,-40.6236775
NA,NA,NA,"Natatolana gracilis",-21.6090425,-40.6175694444444
NA,NA,NA,"Pseudobatos percellens",-21.45,-40.8333
NA,NA,NA,"Cylichna discus",-21.381991,-40.258744
NA,NA,NA,"Epitonium occidentale",-21.517,-40.3
NA,NA,NA,"Obelia geniculata",-21.6021,-40.8486
NA,NA,NA,"Trinectes fimbriatus",-21.616188,-41.016581
NA,NA,NA,"Ampelisciphotis podophthalma",-21.6,-40.5833333333
NA,NA,NA,"Caretta caretta",-21.5,-40.5
NA,NA,NA,"Fustiaria liodon",-21.383749,-40.713007
NA,NA,NA,"Graptacme calamus",-21.56899,-40.427122
NA,NA,NA,"Callpita eucymata",-21.5,-40.3
NA,NA,NA,"Turritella hookeri",-21.5,-40.3
NA,NA,NA,"Anadara notabilis",-21.517,-40.3
NA,NA,NA,"Syngnathus folletti",-21.616188,-41.016581
NA,NA,NA,"Paralonchurus brasiliensis",-21.616188,-41.016581
NA,NA,NA,"Paralonchurus brasiliensis",-21.4667,-40.9667
NA,NA,NA,"Oligoplites saliens",-21.616188,-41.016581
NA,NA,NA,"Penaeus notialis",-21.4667,-40.9667
NA,NA,NA,"Cosmotriphora melanura",-21.381833,-40.330133
NA,NA,NA,"Euvola chazaliei",-21.517,-40.3
NA,NA,NA,"Turbonilla virgulinoi",-21.392694,-40.262038
NA,NA,NA,"Globivenus foresti",-21.517,-40.3
NA,NA,NA,"Puelche orensanzi",-21.6090380555556,-40.5779722222222
NA,NA,NA,"Ampelisca brevisimulata",-21.6099397222222,-40.6166036111111
NA,NA,NA,"Scorpaena plumieri",-21.407671,-40.980774
NA,NA,NA,"Nisiturris fluminensis",-21.381991,-40.258744
NA,NA,NA,"Puelche orensanzi",-21.6099397222222,-40.6166036111111
NA,NA,NA,"Dulichiella appendiculata",-21.5884416666667,-40.1669444444444
NA,NA,NA,"Menticirrhus americanus",-21.616188,-41.016581
NA,NA,NA,"Turbonilla virgulinoi",-21.381991,-40.258744
NA,NA,NA,"Eurydice convexa",-21.6090425,-40.6214325
NA,NA,NA,"Stellifer stellifer",-21.616188,-41.016581
NA,NA,NA,"Puelche orensanzi",-21.6090425,-40.6117747222222
NA,NA,NA,"Paraleiopus macrochelis",-21.6045269444444,-40.6166036111111
NA,NA,NA,"Centropages furcatus",-21.3875,-40.7444444444
NA,NA,NA,"Assiminea succinea",-21.381833,-40.330133
NA,NA,NA,"Phoxocephalopsis zimmeri",-21.5777205555556,-40.5880805555556
NA,NA,NA,"Phoxocephalopsis zimmeri",-21.6045269444444,-40.6166036111111
NA,NA,NA,"Laevicardium pictum",-21.517,-40.3
NA,NA,NA,"Antalis taphria",-21.517,-40.3
NA,NA,NA,"Beania americana",-21.4660191666667,-40.9397219444444
NA,NA,NA,"Aesopus obesus",-21.588333,-40.522777
NA,NA,NA,"Steironepion minus",-21.381833,-40.330133
NA,NA,NA,"Aglaophenia trifida",-21.6021,-40.8486
NA,NA,NA,"Episcynia inornata",-21.381833,-40.330133
NA,NA,NA,"Mecynocera clausi",-21.404,-40.23433
NA,NA,NA,"Microphoxus uroserratus",-21.5763316666667,-40.5880805555556
NA,NA,NA,"Strongylura marina",-21.616188,-41.016581
NA,NA,NA,"Dormitator maculatus",-21.616188,-41.016581
NA,NA,NA,"Rhizophora mangle",-21.3091,-40.9594
NA,NA,NA,"Microphoxus uroserratus",-21.5729169444444,-40.6166036111111
NA,NA,NA,"Sphoeroides testudineus",-21.616188,-41.016581
NA,NA,NA,"Acartia (Acartia) danae",-21.404,-40.23433
NA,NA,NA,"Cosmotriphora arnoldoi",-21.381755,-40.330711
NA,NA,NA,"Microlissa brasiliensis",-21.5,-40.3
NA,NA,NA,"Caulerpa kempfii",-21.5,-40.3
NA,NA,NA,"Eulima bifasciata",-21.383102,-40.254305
NA,NA,NA,"Callinectes ornatus",-21.6166666667,-41.0166666667
NA,NA,NA,"Cyclaspis striata",-21.6000003815,-40.5830001831
NA,NA,NA,"Chilomycterus spinosus",-21.616188,-41.016581
NA,NA,NA,"Munida irrasa",-21.3818861111111,-40.7216722222222
NA,NA,NA,"Turbonilla obsoleta",-21.392694,-40.262038
NA,NA,NA,"Puncturella granulata",-21.381991,-40.258744
NA,NA,NA,"Pagrus pagrus",-21.3333,-40.3167
NA,NA,NA,"Microphoxus uroserratus",-21.6099397222222,-40.6166036111111
NA,NA,NA,"Farranula gracilis",-21.404,-40.23433
NA,NA,NA,"Caelatura spirocordata",-21.5375,-40.31666667
NA,NA,NA,"Caranx hippos",-21.616188,-41.016581
NA,NA,NA,"Micropogonias furnieri",-21.5833,-40.9167
NA,NA,NA,"Cathorops spixii",-21.616188,-41.016581
NA,NA,NA,"Tiburonella viscana",-21.586615,-40.5562222222222
NA,NA,NA,"Mycale (Mycale) quadripartita",-21.517,-40.3
NA,NA,NA,"Parona signata",-21.616188,-41.016581
NA,NA,NA,"Pycnotheca mirabilis",-21.6021,-40.8486
NA,NA,NA,"Cadulus nerta",-21.381833,-40.330133
NA,NA,NA,"Phoxocephalopsis zimmeri",-21.6090380555556,-40.5779722222222
NA,NA,NA,"Upogebia brasiliensis",-21.311729,-40.958184
NA,NA,NA,"Metatiron brevidactylus",-21.5909797222222,-40.6166036111111
NA,NA,NA,"Paradialychone americana",-21.3834147,-40.7129922
NA,NA,NA,"Ophioscion punctatissimus",-21.616188,-41.016581
NA,NA,NA,"Polyschides tetraschistus",-21.588333,-40.522777
NA,NA,NA,"Turritella exoleta",-21.381833,-40.330133
NA,NA,NA,"Ampelisca pseudobicarinata",-21.565125,-40.4327638888889
NA,NA,NA,"Lobophora variegata",-21.329,-40.333
NA,NA,NA,"Cyclaspis striata",-21.4673727777778,-40.9390111111111
NA,NA,NA,"Clausocalanus furcatus",-21.3875,-40.7444444444
NA,NA,NA,"Metaxia taeniolata",-21.381833,-40.330133
NA,NA,NA,"Microphoxus uroserratus",-21.6090380555556,-40.5779722222222
NA,NA,NA,"Clausocalanus furcatus",-21.38583,-40.74
NA,NA,NA,"Episiphon sowerbyi",-21.383195,-40.713048
NA,NA,NA,"Paraleiopus macrochelis",-21.6090413888889,-40.5972880555556
NA,NA,NA,"Ampelisca brevisimulata",-21.6090425,-40.6117747222222
NA,NA,NA,"Mustelus schmitti",-21.4667,-40.9667
NA,NA,NA,"Callinectes ornatus",-21.311729,-40.958184
NA,NA,NA,"Conodon nobilis",-21.45,-40.6667
NA,NA,NA,"Metaxia excelsa",-21.381755,-40.330711
NA,NA,NA,"Ctenogobius shufeldti",-21.616188,-41.016581
NA,NA,NA,"Pagrus pagrus",-21.45,-40.6667
NA,NA,NA,"Oithona plumifera",-21.3875,-40.7444444444
NA,NA,NA,"Calyptolana hancocki",-21.6090425,-40.6175694444444
NA,NA,NA,"Cadulus nerta",-21.381991,-40.258744
NA,NA,NA,"Ampelisca brevisimulata",-21.6090413888889,-40.5972880555556
NA,NA,NA,"Acteocina lepta",-21.392694,-40.262038
NA,NA,NA,"Conodon nobilis",-21.4667,-40.9667
NA,NA,NA,"Phyllogorgia dilatata",-21.5,-41.05
NA,NA,NA,"Acanthocarpus alexandri",-21.4236833333333,-40.2218333333333
NA,NA,NA,"Atherinella brasiliensis",-21.616188,-41.016581
NA,NA,NA,"Nototriphora decorata",-21.425375,-40.528442
NA,NA,NA,"Parasagitta friderici",-21.3875,-40.7444444444
NA,NA,NA,"Acteocina candei",-21.392694,-40.262038
NA,NA,NA,"Penaeus brasiliensis",-21.45,-40.8333
NA,NA,NA,"Tiburonella viscana",-21.5633805555556,-40.819675
NA,NA,NA,"Luidia alternata",-21.5,-40.3
NA,NA,NA,"Muriceopsis metaclados",-21.5,-40.3
NA,NA,NA,"Archosargus probatocephalus",-21.616188,-41.016581
NA,NA,NA,"Turritella exoleta",-21.5,-40.3
NA,NA,NA,"Ampelisca cristata",-21.5884416666667,-40.5230305555556
NA,NA,NA,"Pollichthys mauli",-21.3875,-40.7444444444
NA,NA,NA,"Symphurus tessellatus",-21.616188,-41.016581
NA,NA,NA,"Loxopagurus loxochelis",-21.311729,-40.958184
NA,NA,NA,"Arca zebra",-21.517,-40.3
NA,NA,NA,"Parasagitta tenuis",-21.3875,-40.7444444444
NA,NA,NA,"Laguncularia racemosa",-21.3074,-40.9604
NA,NA,NA,"Monostaechas fisheri",-21.6021,-40.8486
NA,NA,NA,"Nannocalanus minor",-21.404,-40.23433
NA,NA,NA,"Similiphora intermedia",-21.381755,-40.330711
NA,NA,NA,"Mokumea albovittata",-21.517,-40.3
NA,NA,NA,"Anatoma americana",-21.381991,-40.258744
NA,NA,NA,"Iniforis pseudothomae",-21.381833,-40.330133
NA,NA,NA,"Calocalanus pavoninus",-21.404,-40.23433
NA,NA,NA,"Doliolum nationalis",-21.38583,-40.74
NA,NA,NA,"Anatoma alternatisculpta",-21.381991,-40.258744
NA,NA,NA,"Trachinotus carolinus",-21.616188,-41.016581
NA,NA,NA,"Megalomphalus troudei",-21.381833,-40.330133
NA,NA,NA,"Bebryce cinerea",-21.35,-40.71666667
NA,NA,NA,"Conopea galeata",-21.311729,-40.958184
NA,NA,NA,"Achelous spinicarpus",-21.4236833333333,-40.2218333333333
NA,NA,NA,"Sympterygia acuta",-21.616188,-41.016581
NA,NA,NA,"Metaxia rugulosa",-21.381755,-40.330711
NA,NA,NA,"Mustelus schmitti",-21.45,-40.8333
NA,NA,NA,"Brissopsis atlantica",-21.374,-40.457
NA,NA,NA,"Mokumea albovittata",-21.381833,-40.330133
NA,NA,NA,"Ericthonius punctatus",-21.6045269444444,-40.6166036111111
NA,NA,NA,"Cyclaspis striata",-21.6090425,-40.6214325
NA,NA,NA,"Paraleiopus macrochelis",-21.5777205555556,-40.5880805555556
NA,NA,NA,"Ophioderma appressum",-21.517,-40.3
NA,NA,NA,"Urocorycaeus lautus",-21.404,-40.23433
NA,NA,NA,"Cyclaspis striata",-21.6090380555556,-40.655235
NA,NA,NA,"Turritella exoleta",-21.517,-40.3
NA,NA,NA,"Epitonium novangliae",-21.392694,-40.262038
NA,NA,NA,"Graptacme calamus",-21.4109,-40.42354
NA,NA,NA,"Dermochelys coriacea",-21.5,-40.5
NA,NA,NA,"Cyclaspis striata",-21.4673658333333,-40.6219722222222
NA,NA,NA,"Caulerpa cupressoides",-21.334,-40.85
NA,NA,NA,"Phtisica marina",-21.3818861111111,-40.8393388888889
NA,NA,NA,"Stellifer rastrifer",-21.616188,-41.016581
NA,NA,NA,"Leodice marcusi",-21.3502222,-40.5833611
NA,NA,NA,"Nototriphora decorata",-21.381833,-40.330133
NA,NA,NA,"Cerithiopsis flava",-21.381991,-40.258744
NA,NA,NA,"Mycale (Mycale) quadripartita",-21.5170002,-40.29999924
NA,NA,NA,"Synodus synodus",-21.404,-40.23433
NA,NA,NA,"Odontognathus mucronatus",-21.616188,-41.016581
NA,NA,NA,"Beania americana",-21.4713591666667,-40.8112066666667
NA,NA,NA,"Triphora ellyae",-21.425375,-40.528442
NA,NA,NA,"Pitar fulminatus",-21.517,-40.3
NA,NA,NA,"Larimus breviceps",-21.616188,-41.016581
NA,NA,NA,"Ampelisca pseudobicarinata",-21.3843544444444,-40.7149722222222
NA,NA,NA,"Cosmotriphora melanura",-21.425375,-40.528442
NA,NA,NA,"Paradialychone americana",-21.4108736,-40.4241169
NA,NA,NA,"Vitreolina arcuata",-21.381755,-40.330711
NA,NA,NA,"Chiriscus australis",-21.6090380555556,-40.5779722222222
NA,NA,NA,"Phrontis alba",-21.383077,-40.254641
